id	nameid	name	archetype	type	family	image	attack	health	goldcost	reward0value0	reward0value1	reward0type	reward1value0	reward1value1	reward1type	reward2value0	reward2value1	reward2type	rarity	descid	effectdesc	source	artist	hitsplat
0	0	Open Road	0	0		OpenRoad				0		0	0		0	0		0	0	0		0		0
1	1	Customs Officer	0	2	0	customs_officer	2	5		0		2	0		0	0		0	1	32	458	3		5
2	2	Goblin Flashmob	0	2	8	Goblins	1	9		3		2	0		0	0		0	0	33		3		5
3	3	Yelps	0	2	8	Yelps	4	3		0		0	4		0	0		0	3	34	435	3		0
4	4	General Graardor	0	2	11	Grardor	8	13		6	2	6	2	4	0	0		0	2	35		3		1
5	5	Ogre Brute	0	2	10	Ogre	2	5		0		0	0		0	0		0	0	36	559	3		4
6	136	Black Arm Bandit	0	2	0	BlackArmBandit	2	2		1		2	0		0	0		0	0	137		1		5
7	138	Elvarg	0	2	3	Elvarg	12	8		3	3	0	4		0	0		0	2	139	547	4		0
8	8	Troll Chucker	0	2	17	TrollChucker	6	3		0		2	0		0	0		0	0	39	413	1		4
9	9	Gluttonous Behemoth	0	2	1	gluttonous_behemouth	6	19		2		2	0		0	0		0	2	40	404	3		0
10	10	Vorago	0	2	0	Vorago	7	14		5		5	0		0	0		0	3	41	405	3		4
11	11	TzTok-Jad	0	2	18	tztok_jad	15	7		3		5	0		4	0		0	2	42		3		0
12	12	Penguin Sheep	0	2	1	PenguinSheep	1	3		4	2	0	2		0	0		0	1	43	419	3		0
13	13	KGP Agent	0	2	1	KgpAgent	1	2		0		4	0		0	0		0	0	44	420	1		0
14	14	Jubbly Bird	0	2	1	JubblyBird	1	3		0		2	2		3	0		0	0	45		1		0
15	15	Mischievous Imp	0	2	2	Imp	1	2		0		2	0		0	0		0	0	46	421	1		5
16	16	Combat Academy	0	1	4	CombatAcademy			1	1	1	6	0		0	0		0	0	47		1		0
17	142	Romily Weaklax	0	1	20	RomilyWeaklax			2	6		3	0		0	0		0	0	143		1		0
20	20	Bar Fight	0	1	0	bar_fight			0	0		0	5		0	0		0	0	51	424	3		0
21	146	Mimic	0	1	0	mimic			0	3	2	2	3		0	0		0	0	147	433	3		0
23	150	Death	0	1	20	Death			9	0		0	0		0	0		0	3	151	430	3		0
24	24	Cabbage	0	1		Cabbage			0	3		3	0		0	0		0	0	55		3		0
25	152	Partyhat	0	1	5	PartyHat			0	0		0	0		0	0		0	3	153	439	3		0
26	26	Solomon Madini	0	1	20	Solomon			4	3	3	5	2	2	6	2		0	1	57		3		0
27	27	Gorajo Hoardstalker	0	1	6	GorajoHoardstalker			6	5	1	3	4	1	6	6		0	1	58		3		0
28	154	Highwayman	4	1	20	Highwayman			8	0		0	0		0	0		0	2	155	434	3		0
29	29	Ali Morrisane	0	1	20	AliMorrisane			0	2		2	0		0	0		0	0	60	425	1		0
30	30	Nastroth	0	1	20	nastroth			4	0		4	0		0	0		0	0	61		1		0
31	109	Artisan's Workshop	1	1	4	ArtisansWorkshop			2	0	1	0	0		0	0		0	0	110	426	1		0
32	111	Dragon Forge	1	1	4	DragonForge			0	0		0	0		0	0		0	2	112	432	3		0
33	113	Bartak's Anvil	1	1	4	BartaksAnvil			4	0		0	0		0	0		0	0	114	427	2		0
34	166	Miner Ancestor	1	2	19	miner_ancestor	3	4		0		0	0		0	0		0	0	167	416	2		0
35	117	Golden Hammer	0	1	5	GoldenHammer			2	1	3	6	0		0	0		0	0	118		3		0
36	119	Defence Potion	2	1	13	ExtremeDefencePotion			2	3		0	0		0	0		0	0	120	472	1		0
37	121	Full Tetsu	0	1	5	FullTetsu			5	6		5	6		3	0		0	1	122		3		0
38	123	Stack o' Sharks	0	1	0	StackOfSharks			3	0		0	0		0	0		0	1	124	437	3		0
39	125	Dondakan's Cannon	2	1	5	DondakansCannon			2	0		0	0		0	0		0	0	126	473	2		0
40	127	Rock Cake	0	1	0	RockCake			0	5		5	0		0	0		0	0	128	438	3		0
41	140	Raging Kalphite	1	2	9	raging_kalphite	3	10		0		0	0		0	0		0	1	141	409	3		0
42	22	Burntmeat	0	1	20	BurntMeat			3	1		0	0		0	0		0	2	53	429	3		0
43	156	Steel Titan	2	1	6	SteelTitan			6	0		4	0		0	0		0	0	157	436	2		0
44	158	Restore Potion	0	1	13	RestorePotion			3	4		3	0		0	0		0	0	159	440	3		0
45	115	Doric	0	1	20	Doric			3	3	3	5	0		0	0		0	0	116	431	3		0
46	212	Skeleton Warrior	0	2	19	skeleton_warrior	4	3		2		2	0		0	0		0	0	213		1		5
47	214	Giant Rat	0	2	1	GiantRat	2	2		1		0	0		0	0		0	1	215	422	3		0
48	216	White Wolf	0	2	1	Wolf	3	4		1		2	0		0	0		0	0	217	414	1		3
49	218	Al Kharid Warrior	4	2	0	AlKharidGuard	2	5		0		2	1		0	0		0	0	219	417	1		5
51	222	Barbarian Warrior	0	2	0	Barbarian	5	3		0	2	2	1	2	6	0		0	0	223		1		1
52	224	Crassian Warrior	0	2	0	CrassianWarrior	7	3		0		2	0		0	0		0	1	225	415	3		0
53	226	Grotworm	0	2	1	grotworm	5	10		6	1	2	2	1	0	0		0	0	227		3		0
54	228	Ice Nihil	2	2	0	NihilIce	7	5		0		2	3		5	0		0	0	229	411	1		0
55	230	Automaton Guardian	0	2	0	automaton_guardian	4	10		0		2	0		0	0		0	2	231	457	3		4
56	232	Corporeal Beast	2	2	1	CorporealBeast	7	14		4		0	7		0	0		0	3	233	407	3		0
57	234	Tormented Demon	0	2	2	TormentedDemon	4	10		3	1	6	0		4	0		0	2	235	408	3		0
58	236	Thurgo	1	1	20	Thurgo			2	2	3	0	0		0	0		0	0	237	441	1		0
59	396	Varrock Guard	2	2	0	Varrock Guard	2	5		0		2			0			0	1	50	418	3		5
60	443	Amulet of Fury	2	1	5	amulet_of_fury			8	1		4			0			0	1	50		3		0
61	444	Bandit Camp	4	1	4	BanditCamp			2			0			0			0	0	231	445	1		0
62	446	Barrelchest	1	2	19	Barrelchest	8	5				0			0			0	0	231	447	1		4
63	449	Bash	2	1	16	Bash			1			0			0			0	0	223	450	1		0
64	451	Bounty Hunt	0	1	0	bounty_hunt			0	0		0			0			0	0	223	452	3		0
65	453	Deadshot	4	1	16	dead_shot			3			0			0			0	0	53	454	2		0
66	455	Assault	2	1	16	assault			0			0			0			0	0	53	456	1		0
67	460	Preparation	2	1	16	preparation			0			0			0			0	2	53	461	3		0
68	462	Brugsen Bursen	0	1	20	brugsen_bursen			3			0			0			0	1	32	463	3		0
69	464	Bunyip	0	1	6	bunyip			1			0			0			0	0	53	465	3		0
70	466	Captain Rovin	4	2	0	Captain_Rovin	3	10		2		0			0			0	1	139	467	3		5
71	468	Darren Lightfinger	4	1	20	darren_lightfinger			0	0		2			0			0	1	61	469	3		0
72	470	Death Lotus Assassin	0	1	20	DeathLotusAssasin			5			0			0			0	0	139	471	3		0
73	474	Dragon Longsword	0	1	5	DragonLongsword			5	4	2	6			0			0	0	221		1		0
74	475	Dragonbone Upgrade	1	1	5	dragonbone_upgrade			3	4		5			0			0	0	151	476	3		0
75	477	Duel Tournament	0	1	4	duel_tournament			1	0		0			0			0	0	52	478	1		0
76	479	Fight Cauldron	2	1	4	Fight_Cauldron			0	6		5	1		2			0	0	229	480	2		0
77	481	Fight Pit	2	1	4	fight_pit			0	0		2			0			0	0	227	482	3		0
78	483	Frenzy	2	1	16	frenzy			0			0			0			0	1	229	484	3		0
79	485	Armoured Zombie	2	2	19	ArmouredZombie	1	3		3		5			0			0	0	51		1		1
80	486	Wilderness	0	1	4	wilderness			0			0			0			0	0	43	487	3		0
81	488	Watchtower Guard	0	2	0	watchtower_guard	5	3		1		5	1	1	6			0	0	110		3		5
82	490	Void Brawler	2	2	0	VoidBrawler	7	2		7		5	0		0			0	1	49	491	1		4
83	492	Varrock Museum	1	1	4	VarrockMuseum			0	1		2			0			0	0	31	493	3		0
84	494	Mej-Kah	0	2	18	Tzhaar_Mej_Kah	4	10		2	2	6	4		5			0	2	159	495	3		0
85	497	Toolbelt	1	1	5	tool_belt			0			0			0			0	0	41	498	3		0
86	499	Tetsu Katana	1	1	5	Tetsu_Katana			6	7	2	6			0			0	3	147		3		0
87	500	Snap Shot	4	1	16	Snapshot			1			0			0			0	0	237	501	1		0
88	502	Pulverise	1	1	16	pulverise			2			0			0			0	0	235	503	1		0
89	504	Skeleton Champion	4	2	19	skeleton_champion	8	5		5	0	6			0			0	0	157	505	3		2
90	506	Scorpion	0	2	1	Scorpion	2	2				0			0			0	0	217	507	1		0
91	508	Saradomin Brew	2	1	13	Saradomin_Brew			4	1		3			0			0	0	116	509	1		0
92	510	Safe Spot	4	1	4	safe_spot			0			0			0			0	0	31	511	2		0
93	512	Rogues' Den	4	1	4	rogues_den			0	3		2			0			0	0	52	513	3		0
94	514	Ring of Charos	0	1	5	ring_of_charos			0			0			0			0	0	126	515	3		0
95	516	Revenant Demon	0	2	19	Revenant_Demon	4	4		0		0			0			0	0	54	517	3		0
96	518	Repurpose	1	1	16	repurpose			0			0			0			0	2	126	519	3		0
97	520	Pyramid Plunder	4	1	4	PyramidPlunder			0	3		2			0			0	0	34	521	1		0
98	522	Fern	0	2	0	fern	4	3				0			0			0	2	169	523	3		0
99	524	Ogre Chieftain	0	2	10	Chieftain_Ogre	5	10		1		2			0			0	1	124	525	3		4
100	526	Monolith Chamber	2	1	4	monolithic_chamber			0	0		0			0			0	0	128	527	1		0
101	528	Rune Dragon	1	2	3	rune_dragon	7	14		3		2			0			0	2	157	529	3		0
102	530	Major Mary Rancour	1	1	20	MajorMaryRancour			1	0	0	6			0			0	1	225	531	3		0
103	532	Mage of Zamorak	0	1	20	MageOfZamorak			4			0			0			0	0	110	533	1		0
104	534	Karam	1	1	20	karam			7			0			0			0	0	57	535	3		0
105	536	Ice Warrior	1	2	0	IceWarrior	3	4		1		2	0	3	6			0	0	39		1		5
106	537	Hurl Weapon	1	1	16	Throw			0			0			0			0	0	221	538	1		0
107	539	Hobgoblin	0	2	8	hobgoblin	4	3		1		2			0			0	0	40	540	3		1
108	541	Goblin Raider	1	2	8	GoblinRaider	2	2		1		5	0	2	6			0	0	43		2		1
109	542	Gnome Guard	4	2	0	GnomeGuard	3	2		2		2			0			0	0	235		1		5
110	543	Full Dharok	0	1	5	full_dharok			2			0			0			0	3	124	544	3		0
111	545	Eruni, Ayuni & Leeuni	4	2	1	eruni_ayuni_leeuni	5	13		5		2			0			0	2	54	546	3		4
112	148	Bob the Cat	4	1	20	Bob			1			0			0			0	0	116	548	3		0
113	549	Deathtouched Darts	4	1	5	deathtouched_darts			10	5	1	6			0			0	2	58	550	3		0
114	551	Work Order	1	1	0	work_order			0	0		2	1		0			0	1	61	552	3		0
115	19	Wizard Traiborn	0	1	20	Trailborn			2			0			0			0	1	51	553	3		0
116	560	Undead Dragon	0	2	19	undead_dragon	6	13		1		2			0			0	0	108	561	1		0
117	562	King Black Dragon	0	2	3	king_black_dragon	8	14		10		2			0			0	1	108		3		0
118	563	Giant Spider	0	2	1	giant_spider	1	2		2	0	6			0			0	0	108		3		3
119	564	Ring of Recoil	0	1	5	ring_of_recoil			0			0			0			0	0	108	565	3		0
120	566	Gravite Longsword	1	1	5	gravite_longsword			0	3	0	6			0			0	0	108		2		0
121	567	Chaotic Longsword	1	1	5	chaotic_longsword			4	5	1	6			0			0	1	108		3		0
122	568	Heist	4	1	16	heist			1	1		5	1		0			0	1	108	569	3		0
123	570	Rolo the Stout	0	2	0	rolo_the_stout	3	2		2		5	0	1	6			0	3	108	571	3		5
124	572	Kayle	0	2	0	kayle	2	2		3	1	6			0			0	3	108		3		2
125	574	Morwenna	0	2	19	morwenna	2	2				0			0			0	3	108	573	3		0
126	576	Ling, the Assassin	4	1	20	Ling_The_Assassin			0			0			0			0	1	108	577	3		0
127	578	Amascut Templeguard	4	2	0	AmascutTempleGuard	8	5				0			0			0	0	108	579	1		5
128	582	Culinaromancer	0	2	0	culinaromancer	8	6		9		3			0			0	0	108		3		5
129	586	Exiled Kalphite Paragon	0	2	9	kalphite_paragon	5	9		0		2	4		5			0	0	655	1176	3		0
130	588	Oozing Kalphite	0	2	9	oozing_kalphite	8	5				0			0			0	0	108	589	3		0
131	585	Kalphite Soldier	0	2	9	kalphite_soldier	2	6		2		2	1		5			0	0	108		3		0
132	591	Kalphite Worker	0	2	9	kalphite_worker	1	4		1		2	0	0	6			0	0	108		3		0
133	583	Dagannoth Fledgling	0	2	1	dagannoth_fledgling	4	3		5		3			0			0	0	108		3		3
134	592	Slam	2	1	16	slam			4			0			0			0	1	108	581	3		0
135	601	Obsidian Golem	0	2	0	obsidian_golem	3	10		2		2			0			0	0	108	602	3		4
136	603	Rock Golem	0	2	0	rock_golem	2	5		1		2			0			0	0	108	604	3		4
137	605	Sergeant Grimspike	0	2	8	sergeant_grimspike	4	10		1		2	1		5			0	0	231	606	3		5
138	607	Sergeant Slimetoes	0	2	8	sergeant_slimetoes	2	6		1		5	2	1	6			0	0	231		3		5
139	608	South Sea Pillager	0	2	12	south_sea_pillager	4	3		0	0	6			0			0	0	231	609	3		5
140	610	Armadylean Golem	1	2	0	armadylean_golem	5	10		3		2			0			0	0	231	611	1		5
141	612	Living Rock Brawler	1	2	0	living_rock_brawler	1	3		0		2			0			0	0	231	613	1		4
142	614	Dust Devil	1	2	0	DustDevil	2	5		0		2			0			0	1	231	615	3		0
143	618	Drunken Dwarf	1	1	20	drunken_dwarf			0	1		3			0			0	0	231	619	3		0
144	620	Bandit King	4	2	0	bandit_king	5	3		1		2			0			0	1	231	621	3		5
145	622	Desert Snake	4	2	1	desert_snake	3	1				0			0			0	0	231	623	1		3
146	624	Desert Strykewyrm	4	2	1	desert_strykeworm	7	6		4		2	1		5			0	0	231		2		3
147	625	Dazing Shot	4	1	16	dazing_shot			1			0			0			0	0	231	626	3		0
148	627	Chaos Dwarf	2	2	0	chaos_dwarves	4	4		2		5	1	1	6			0	0	231	628	3		0
149	629	Goblin Brute	2	2	8	goblin_brute	3	2		0		2	0		5			0	0	231	630	2		1
150	631	Revenant Dark Beast	2	2	19	revenant_dark_beast	8	10		1		5			0			0	0	231	632	3		0
151	633	Troll General	2	2	17	troll_general	6	9		2		2			0			0	1	231	634	3		5
152	635	Anticipation	2	1	16	anticipation			0	1		3			0			0	0	231	636	3		0
153	637	Berserker Shield	2	1	5	berserker_shield			2			0			0			0	0	231	638	3		0
154	616	Revenant Ork	1	2	19	revenant_ork	8	10				0			0			0	0	231	617	3		4
155	642	Beer	0	1	13	Beer			1	1		5			0			0	0	643	644	3		0
156	645	Strength Potion	0	1	13	strength_potion			4			0			0			0	1	646	647	3		0
157	648	Prototype	1	1	5	prototype			1			0			0			0	0	649	650	3		0
158	651	Khnum	4	2	0	khnum	4	4		1		2			0			0	0	652	653	2		0
159	654	Mithril Arrows	4	1	5	mithril_arrows			1			0			0			0	0	655	656	3		0
160	657	Ranging Guild	4	1	4	rangeguild			7	0		4			0			0	1	658	659	3		0
161	660	Giant Champion	2	2	7	giant_champion	5	10		0		4			0			0	0	661	662	3		4
162	663	Zamorak Brew	2	1	13	zamorak_brew			3	0		4			0			0	0	664	665	3		0
163	669	Adamant Armour	0	1	5	adamant_armour			1	4		5			0			0	0	643		1		0
164	670	Dagannoth Sentinel	0	2	1	DagannothSentinel	8	9		4		3	0		4			0	0	643		1		3
165	671	Gee'ka	0	1	20	Aviansee_Engineer			0	0	1	6			0			0	0	643		1		0
166	673	Infernal Mage	3	2	19	infernal_mage	3	10		2		0			0			0	0	643	674	1		0
167	675	Haunted Soul	3	2	19	HauntedSoul	2	5		1		2			0			0	0	643	676	1		0
168	677	Crawling Hand	3	2	19	CrawlingHand	1	3				0			0			0	0	643	678	1		0
169	679	Wizard Mindbomb	3	1	13	wizard_mind_bomb			1			0			0			0	0	643	680	1		0
170	681	Earth Blast	3	1	16	EarthBlast			8			0			0			0	0	643	682	1		0
171	683	Wind Strike	3	1	16	Wind_Strike			0			0			0			0	0	643	684	1		0
172	685	Balance Elemental	0	2	0	balance_elemental	6	10		0		0			0			0	3	643	686	3		4
173	687	Black Demon	0	2	2	black_demon	9	6				0			0			0	2	643	688	3		0
174	689	Cave Slime	0	2	0	cave_slime	3	2				0			0			0	0	643	690	3		0
175	691	Commander Zilyana	0	2	0	commander_zilyana	7	13		6		2	11		3			0	2	643		3		5
176	692	Greater Demon	0	2	2	greater_demon	8	5		1		2			0			0	1	643	693	3		0
177	694	Green Dragon	0	2	3	green_dragon	8	5		2		0			0			0	0	643	695	3		0
178	696	Jogre Shaman	0	2	10	jogre_shaman	4	9		1		2			0			0	1	643	697	3		4
179	698	Lesser Demon	0	2	2	lesser_demon	5	3		1		2			0			0	0	643	699	3		0
180	700	Mutineer	0	2	12	mutineer	4	3		0		2			0			0	0	643	701	3		0
181	702	Ogre Warlord	0	2	10	ogre_warlord	6	10		0		4			0			0	1	643	703	3		4
182	704	Redbeard Frank	0	2	12	redbeard_frank	4	9				0			0			0	3	643	705	3		5
183	706	Scarface Pete	0	2	12	scarface_pete	4	9		1		0			0			0	2	643	707	3		5
184	708	To'Kash	0	2	2	to_kash	6	14				0			0			0	3	643	709	3		0
185	710	Wounded Kalphite	0	2	9	wounded_kalphite	1	2		1		5			0			0	0	643	711	3		0
186	712	Shug	0	1	20	shug			0			0			0			0	2	643	713	3		0
187	714	Ghostship	0	1	14	ghost_ship			3			0			0			0	2	643	715	3		0
188	716	Weapon Poison	0	1	13	weapon_poison			0			0			0			0	0	643	717	3		0
189	718	Ankou	3	2	19	ankou	7	6		1		2	1	3	6			0	0	643	719	3		0
190	720	Chaos Elemental	3	2	0	chaos_elemental	6	16		3		2			0			0	2	643	721	3		0
191	722	Unholy Cursebearer	3	2	19	unholy_cursebearer	8	13		2		4			0			0	0	643	723	3		0
192	442	Gnome Healer	3	1	20	gnome_healer			0	1		2	3		3			0	0	643	725	3		0
193	726	Alchemy	3	1	16	alchemy			0			0			0			0	0	643	727	1		0
194	728	Bind	3	1	16	bind			3			0			0			0	0	643	729	3		0
195	730	Divine Storm	3	1	16	divine_storm			4			0			0			0	0	643	731	3		0
196	732	Earth Wave	3	1	16	earth_wave			5			0			0			0	1	643	733	3		0
197	734	Archmage Sedridor	3	1	20	archmage_sedridor			1			0			0			0	0	643	735	3		0
198	736	Enfeeble	3	1	16	enfeeble			0			0			0			0	0	643	737	2		0
199	738	Fire Surge	3	1	16	fire_surge			3			0			0			0	0	643	739	3		0
200	740	Lady Hefin	3	1	20	lady_hefin			3			0			0			0	1	643	741	3		0
201	742	Ring of Kinship	3	1	5	ring_of_kinship			2	1	5	6			0			0	1	643	743	3		0
202	744	Stagger	3	1	16	stagger			4			0			0			0	1	643	745	3		0
203	746	Wind Surge	3	1	16	wind_surge			1			0			0			0	0	643	747	3		0
204	748	Adamant Dragon	1	2	3	adamant_dragon	6	13		2		5			0			0	0	643	749	3		0
205	750	Kal'Ger	1	2	2	kal_ger	12	8				0			0			0	1	643	751	3		0
206	752	TzHaar-Hur	1	2	18	tzhaar_hur	4	10		1		2	3		5			0	1	643	753	3		0
207	754	Chaotic Rapier	1	1	5	chaotic_rapier			2			0			0			0	1	643	755	3		0
208	756	Flurry	1	1	16	flurry			0			0			0			0	1	643	757	3		0
209	758	Hope Devourer	4	2	1	hope_devourer	7	14		6		5			0			0	1	643	759	3		3
210	760	Scabarite Assassin	4	2	0	scabarite_assassin	7	6		1		5	4	1	6			0	0	643		3		2
211	761	Ullek Mummy	4	2	19	MummyChampion	8	6		1		2			0			0	0	643	762	3		5
212	763	Osman	4	2	0	osman	5	13		0		2	2		5			0	0	643	764	3		5
213	765	Ugthanki	4	2	1	ugthanki	1	4		3		3	1	0	6			0	0	643		3		3
214	766	Donation	4	1	16	donation			0			0			0			0	1	643	767	3		0
215	770	Smuggler	4	1	20	smuggler			3	2		0			0			0	0	643	771	3		0
216	772	Crazed Whaler	2	2	12	crazed_whaler	6	6		1		2			0			0	1	643	773	3		5
217	774	Rock Crab	2	2	1	rock_crab	1	4		3		3	1		5			0	0	643		3		0
218	775	TokHaar-Ket	2	2	18	tokhaar_ket	6	10				0			0			0	1	643	776	3		0
219	777	Yk'Lagor	2	2	2	yk_lagor	6	13		1		4			0			0	2	643	778	3		0
220	779	Destroy	2	1	16	destroy			0			0			0			0	1	643	780	3		0
221	781	Reflect	2	1	16	reflect			5	2		0			0			0	2	643	782	3		0
222	783	Ogre Trader	2	1	20	ogre_trader			0			0			0			0	0	643	784	3		0
223	785	TokTz-Ket-Em	2	1	5	toktz_ket_em			0			0			0			0	0	643	786	3		0
224	787	War Tortoise	2	1	6	war_tortoise			0			0			0			0	0	643	788	3		0
231	15	Mischievous Imp	0	2	2	Imp	1	2		0		2			0			0	0	31	421	0		0
232	958	Bilrach	0	2	21	bilrach	9	17		1		4			0			0	3	643	959	3		0
233	960	Ket-Zek	0	2	18	ket_zek	12	7		1		5			0			0	0	643	961	3		0
234	962	Kree'arra	0	2	0	kreeara	7	13		5	1	6			0			0	0	643	963	3		0
235	964	Tenebra	0	2	22	tenebra	7	13				0			0			0	2	643	965	3		0
236	966	Bork	0	2	11	bork	6	10		3		2	1		4			0	3	643		4		1
237	967	Kyzaj Tournament	0	1	4	kyzaj_tournament			0	0		4			0			0	3	643	968	3		0
238	969	Asphyxiate	3	1	16	asphyxiate			1			0			0			0	1	643	970	4		0
239	971	Zamorakian Occultist	3	2	0	zamorakian_occultist	7	5		1		2			0			0	1	643	972	3		0
240	973	Amascut Mystic	4	2	0	amascut_mystic	7	5		1		5			0			0	1	643	974	3		0
241	975	TzHaar-Ket	2	2	18	tzhaar_ket	5	10		2		2			0			0	1	643	976	3		0
242	977	Black Knight Titan	0	2	0	black_knight_titan	5	8		2		0			0			0	3	643	978	3		5
243	979	Count Draynor	0	2	22	count_draynor	3	5				0			0			0	2	643	980	3		0
244	981	Dr. Fenkenstrain	0	2	0	dr_fenkenstrain	2	6		2		2			0			0	1	643	982	3		0
245	983	Grizzly Bear	0	2	1	grizzly_bear	2	6		0		2	1		5			0	0	643	984	3		3
246	985	Kalphite Emissary	0	2	9	kalphite_emissary	4	4		0		2			0			0	0	643	986	3		0
247	987	Tainted Cabbage	0	1	0	tainted_cabbage			0			0			0			0	2	643	988	4		0
248	989	Melzar the Mad	0	2	0	melzar_the_mad	2	5		0		2			0			0	2	643	990	3		0
249	991	Tok-Xil	0	2	18	tok_xil	2	5		1		5			0			0	1	643	992	3		0
250	993	Skeletal Mage	3	2	19	skeletal_mage	5	4		2		5	2		0			0	1	643	994	3		4
251	995	Fremennik Crafter	1	2	0	fremennik_crafter	5	3		0		2			0			0	0	643	996	3		5
252	997	Leela	4	2	0	leela	2	5		1		5			0			0	1	643	998	3		5
253	999	Animated Armour	2	2	0	animated_armour	2	6		1		2			0			0	1	643	1000	3		5
254	1001	Wormbrain	0	2	8	wormbrain	2	2		0	2	6			0			0	2	643	1002	3		4
255	1003	Skeletal Peon	3	2	19	skeletal_peon	2	2				0			0			0	0	643	1004	2		2
256	1005	Fishing Trawler	0	1	14	fishing_trawler			4			0			0			0	0	643	1006	3		0
257	1007	Relicym's Balm	0	1	13	relicyms_balm			4			0			0			0	1	643	1008	3		0
258	1009	Blood Barrage	3	1	16	ancient_blood_barrage			0	7		3			0			0	2	643	1019	4		0
259	1010	Ice Barrage	3	1	16	ancient_ice_barrage			0			0			0			0	2	643	1020	4		0
260	1011	Shadow Barrage	3	1	16	ancient_shadow_barrage			0			0			0			0	2	643	1021	4		0
261	1012	Smoke Barrage	3	1	16	ancient_smoke_barrage			0			0			0			0	2	643	1022	4		0
262	1013	Ancient Spellbook	3	1	5	ancient_spellbook			8			0			0			0	2	643	1023	3		0
263	1014	Boost	3	1	16	lunar_boost			0			0			0			0	2	643	1024	4		0
264	1015	Borrowed Power	3	1	16	lunar_borrowed_power			0			0			0			0	2	643	1025	4		0
265	1016	Group Heal	3	1	16	lunar_group_heal			0	4		3			0			0	2	643	1026	4		0
266	1017	Vengeance	3	1	16	lunar_vengance			0			0			0			0	2	643	1027	4		0
267	1018	Lunar Spellbook	3	1	5	lunar_spellbook			8			0			0			0	2	643	1028	3		0
275	1135	K'ril Tsutsaroth	0	2	2	kril_tsutsaroth	13	7		4	0	6			0			0	2	643	1136	3		5
276	1137	Zemouregal	0	2	21	zemouregal	14	7				0			0			0	3	643	1138	3		0
277	1139	Revenant Knight	3	2	19	revenant_knight	8	10				0			0			0	0	643	1140	3		5
278	6	Troll Shaman	3	2	17	troll_shaman	8	6		1		0	3		5			0	0	643	1141	2		4
279	1142	Weaponmaster	1	2	0	weaponsmaster	8	5		0		0			0			0	1	643	1143	3		5
280	1144	Goblin Trickster	0	2	8	goblin_trickster	2	2		0		2			0			0	1	643	1145	3		5
281	1146	Animated Book	3	2	0	animated_book	3	1		0		0			0			0	0	643	1147	3		4
282	1148	Dwarven Miner	1	2	0	dwarven_miner	2	2				0			0			0	0	643	1149	3		1
283	1150	Crumble Undead	3	1	16	crumble_undead			2			0			0			0	1	643	1151	3		0
284	477	Duel Tournament	0	1	4	duel_tournament			1	1	2	0			0			0	0	52	478	0		0
285	1164	Ramokee Hoarder	1	2	0	ramokee_hoarder	2	7				0			0			0	0	643	1165	3		5
286	1166	Lady Keli	4	2	0	lady_keli	8	7		4	1	2			0			0	3	118	1167	3		5
287	1168	Stinkears	0	2	8	stinkears	2	5				0			0			0	1	227	1169	3		5
288	1170	Drunken Pirate	0	2	12	drunken_pirate	3	2		0		2			0			0	0	155	1171	3		5
289	1177	Wizard's Tower	0	1	4	wizards_tower			0			0			0			0	3	643	1178	5		0
290	1179	Dominion Tower	0	1	4	dominion_tower			0			0			0			0	3	643	1180	5		0
291	1181	Grand Exchange	0	1	4	grand_exchange			0			0			0			0	3	643	1182	5		0
292	1183	Amuscut Ruins	0	1	4	amascut_ruins			0			0			0			0	3	643	1184	5		0
293	1185	Lumbridge Fields	0	1	4	lumbridge_fields			0			0			0			0	3	643	1186	5		0
294	1187	Jaldraocht Pyramid	0	1	4	jaldraocht_pyramid			0	2		2			0			0	3	643	1188	5		0
295	1289	Saradomin Godsword	0	1	5	saradomin_godsword			7	6	1	6	3		3			0	0	643		1		0
296	1313	Lexicus Runewright	3	2	0	lexicus_runewright	9	5		3		2			0			0	3	643	1314	3		4
297	1315	Barricade	2	1	23	barricade			4	9		5			0			0	3	643	1316	3		0
298	1317	Char	1	2	0	char	15	11				0			0			0	3	643	1318	3		0
299	1460	Ellaron	3	2	0	ellaron	5	3				0			0			0	1	1472	1461	3		5
300	1462	Lord Iban	3	2	19	lord_iban	5	10				0			0			0	1	1473	1463	3		4
301	1464	Silverlight	0	1	5	silverlight			3			0			0			0	0	1474	1465	3		0
302	1466	Lumpnose	0	2	8	lumpnose	2	5				0			0			0	1	643	1467	3		2
303	1468	Keris	0	1	5	keris			3	0	2	6			0			0	1	643	1469	3		0
304	1470	Banshee	3	2	19	banshee	4	4		0		2			0			0	0	1475	1471	1		0
305	1482	Monkfish	0	1	0	monkfish			0	7		3			0			0	0	1483	1484	4	Dave Barker	0
306	1485	Antifire Potion	0	1	13	antifire_potion			2	1		3			0			0	1	1487	1486	3	Dave Barker	0
307	1488	Black Marketeer	4	1	4	black_market			0	0		2			0			0	0	1489	1490	3	Dave Barker	0
308	1491	Chaos Druid	0	2	0	chaos_druid	4	3				0			0			0	1	1493	1492	3		4
309	1494	Crystal Flask	0	1	5	crystal_flask			0			0			0			0	1	1495	1496	3		0
310	1497	Corpse Archer	0	2	19	corpse_archer	1	3		0	2	6			0			0	0	1498		3	Dave Barker	2
311	1499	Kaqemeex	0	1	20	kaqemeex			1			0			0			0	1	1500	1501	3		0
312	1502	Dragith Nurn	0	2	19	dragith_nurn	3	2				0			0			0	2	1504	1503	3	Dave Barker	4
313	1505	Falador Party Room	0	1	4	falador_party_room			0			0			0			0	0	1506	1507	3	Dave Barker	0
314	1508	Papa Mambo	0	1	20	papa_mambo			3			0			0			0	3	1509	1510	3		0
315	1511	Ice Troll	0	2	17	ice_troll	5	9		1	5	6			0			0	2	1512		3		0
316	1513	Kalphite Egg Chamber	0	1	4	kalphite_egg_chamber			2			0			0			0	0	1514	1515	3	Dave Barker	0
317	1516	Unstable Concoction	0	1	13	unstable_concoction			0			0			0			0	1	1517	1518	3		0
318	1519	50 Ships Mufassah	0	1	20	50_ships_mufassah			0			0			0			0	2	1520	1521	3	Dave Barker	0
319	1522	Barker Toad	0	1	6	barker_toad			1			0			0			0	2	643	1527	3	Dave Barker	0
320	1523	Cannonball	0	1	5	cannonball			0			0			0			0	0	1525	1526	4	Dave Barker	0
321	1528	Cabin Boy	0	1	20	cabin_boy			1			0			0			0	0	1530	1529	3	Dave Barker	0
322	1531	Chain Shot Cannon	0	1	5	chain_shot_cannon			0			0			0			0	1	1533	1532	3	Dave Barker	0
323	1534	Lady Zay	0	1	14	lady_zay			0			0			0			0	3	1536	1555	3	Dave Barker	0
324	1537	Meg	0	2	0	meg	4	3		1		2			0			0	1	1539	1538	3	Dave Barker	5
325	1540	Pirates' Hideout	0	1	4	pirates_hideout			1			0			0			0	1	1542	1541	3	Dave Barker	0
326	1543	Rowdy Cannoneer	0	2	12	rowdy_cannoneer	2	5				0			0			0	1	1545	1544	3	Dave Barker	5
327	1546	Saucy Wench Deckhand	0	2	12	saucy_wench_deckhand	4	3				0			0			0	1	1548	1547	3	Dave Barker	5
328	1549	The Adventurous	0	1	14	the_adventurous			4			0			0			0	2	1551	1550	3	Dave Barker	0
329	1552	Sticky Sanders	0	1	12	sticky_sanders			0			0			0			0	0	1554	1553	3	Dave Barker	0
330	1569	Flying Leech	5	2	1	flying_leech	1	3				0			0			0	0	643	1570	1		0
331	1571	Treus Dayth	5	2	19	treus_dayth	5	10		2		5			0			0	0	643	1572	3		0
332	1573	Blood Share	5	1	16	blood_share			0			0			0			0	0	643	1574	3		0
333	1575	Crypt	5	1	4	crypt			1			0			0			0	2	643	1576	3		0
334	1577	Fiyr Shade	5	2	19	fiyr_shade	7	6				0			0			0	1	643	1578	3		0
335	1579	Gadderanks	5	1	20	gadderanks			3	4		3	2	0	6			0	0	643		3		0
336	1580	Haemalchemist	5	1	20	haemalchamist			10			0			0			0	2	643	1581	3		0
337	1583	Haunted Leech	5	2	1	haunted_leech	2	7				0			0			0	0	643	1584	2		0
338	1585	Hunger	5	1	16	hunger			2	0		4			0			0	0	643	1586	1		0
339	1587	Malak	5	1	20	malak			0			0			0			0	0	643	1588	1		0
340	1589	Meiyerditch Prisoner	5	2	0	meirditch_prisoner	1	2		2		3			0			0	0	643	1590	3		0
341	1591	Ranis Drakan	5	2	22	ranis_drakan	7	14		1		2	0		4			0	3	643	1592	3		0
342	1593	Shade Remains	5	1	0	shade_remains			2	1		4			0			0	0	643	1594	4		0
343	1595	Dreadnaut	5	2	19	dreadnaught	5	10		0		2			0			0	0	643	1596	3		0
344	1597	Vampyre Power	5	1	16	vampyre_power			13	2		4			0			0	3	643	1598	3		0
345	1599	Vampyre Trader	5	1	20	vampire_trader			0	4	0	6			0			0	0	643	1600	2		0
346	1601	Vyrewatch	5	1	20	vyrewatch			5			0			0			0	0	643	1602	3		0
347	1603	Werewolf Rebel	5	2	1	werewolf_rebel	5	3		1		2			0			0	0	643	1604	1		0
348	1605	Worthy Opponent	5	1	16	worthy_opponent			0			0			0			0	0	643	1606	3		0
349	1607	Wyrd	5	2	22	wyrd	7	3				0			0			0	0	643	1608	3		0
350	1609	Sap Life Force	5	1	16	sap_life_force			1			0			0			0	0	643	1610	1		0
351	1611	Rush of Strength	5	1	16	rush_of_strength			0			0			0			0	0	643	1612	2		0
352	1613	Safalaan Hallow	5	1	20	safalaan_hallow			2			0			0			0	1	643	1614	3		0
353	1615	Mass Drain	5	1	16	mass_drain			1			0			0			0	0	643	1616	3		0
354	1617	Alpha Werewolf	5	2	1	alpha_werewolf	8	5		2		2			0			0	0	643	1618	1		0
355	1619	Gorge	5	1	16	gorge			4			0			0			0	0	643	1620	2		0
356	1621	Gravecreeper	5	2	19	gravekreeper	6	13		1		2	3		5			0	1	643	1622	3		0
357	1623	Shadow Stalk	5	1	16	shadow_stalk			3			0			0			0	1	643	1624	3		0
358	1625	Terror Dog	5	2	1	terror_dog	4	3				0			0			0	0	643	1626	3		0
359	1803	Dragon Set	4	1	5	dragon_set			13	4	2	6	11		5			0	0	643	1806	1	Dave Barker	0
360	1804	Dragon Arrows	4	1	0	dragon_arrows			0			0			0			0	0	643	1805	4	Dave Barker	0
361	1807	Lady Raven	4	1	20	lady_raven			20			0			0			0	3	643	1808	3	Dave Barker	0
362	1812	Ravenous Snail	3	2	0	ravenous_snail	3	2		1		5	1		3			0	0	643		3		3
363	1811	Shield Dome	3	1	16	shield_dome			2	1		5	1		3			0	0	643	1815	2		0
364	1810	Wise Old Man	3	1	20	wise_old_man			8			0			0			0	3	643	1814	3		0
365	1809	Entangle	3	1	16	entangle			3			0			0			0	1	643	1813	3		0
